{
    "latency_records": {
        "ECG": [
            0.5200855731964111,
            0.19240832328796387,
            0.16100502014160156,
            0.17633771896362305,
            0.16282057762145996
        ],
        "HeartRate": [
            0.1613626480102539,
            0.42775440216064453,
            0.15074515342712402,
            0.16496658325195312,
            0.1617443561553955
        ],
        "BloodPressure": [
            0.15452218055725098,
            0.1606144905090332,
            0.1622612476348877,
            0.18941450119018555,
            0.15444350242614746
        ],
        "Oximeter": [
            0.1602795124053955,
            0.15276503562927246,
            0.1574866771697998,
            0.18307042121887207
        ],
        "Temperature": [
            0.19131827354431152,
            0.1565263271331787,
            0.1531074047088623,
            0.16281700134277344
        ]
    },
    "transmission_counts": {
        "ECG": 5,
        "HeartRate": 5,
        "BloodPressure": 5,
        "Oximeter": 4,
        "Temperature": 4
    },
    "power_stats": {
        "ECG": 75.29069238758187,
        "HeartRate": 60.2325539100655,
        "BloodPressure": 90.34883086509824,
        "Oximeter": 36.139532346039296,
        "Temperature": 36.139532346039296
    }
}